.classpath , F:\arun\Acadview java\Assignment\.classpath
.project , F:\arun\Acadview java\Assignment\.project
org.eclipse.jdt.core.prefs , F:\arun\Acadview java\Assignment\.settings\org.eclipse.jdt.core.prefs
abc.txt , F:\arun\Acadview java\Assignment\abc.txt
Question1_AddNumber.class , F:\arun\Acadview java\Assignment\bin\assignment1\Question1_AddNumber.class
Question2_LeapYear.class , F:\arun\Acadview java\Assignment\bin\assignment1\Question2_LeapYear.class
Question3_Pattern.class , F:\arun\Acadview java\Assignment\bin\assignment1\Question3_Pattern.class
Question4_Biggest.class , F:\arun\Acadview java\Assignment\bin\assignment1\Question4_Biggest.class
Question5_Palindrome.class , F:\arun\Acadview java\Assignment\bin\assignment1\Question5_Palindrome.class
Question6_Prime.class , F:\arun\Acadview java\Assignment\bin\assignment1\Question6_Prime.class
Question7_Reverse.class , F:\arun\Acadview java\Assignment\bin\assignment1\Question7_Reverse.class
DynamicArray.class , F:\arun\Acadview java\Assignment\bin\assignment10_DynamicArray_And_Project1\DynamicArray.class
FileListing.class , F:\arun\Acadview java\Assignment\bin\assignment10_DynamicArray_And_Project1\Miniproject\FileListing.class
MapsQues.class , F:\arun\Acadview java\Assignment\bin\assignment10_SetAndMap\MapsQues.class
Sets.class , F:\arun\Acadview java\Assignment\bin\assignment10_SetAndMap\Sets.class
DateConversionIntoEnglish.class , F:\arun\Acadview java\Assignment\bin\assignment12_collection\DateConversionIntoEnglish.class
GenricPrint.class , F:\arun\Acadview java\Assignment\bin\assignment12_collection\GenricPrint.class
GenricSorting.class , F:\arun\Acadview java\Assignment\bin\assignment12_collection\GenricSorting.class
BinaryArraySortLeastComputation.class , F:\arun\Acadview java\Assignment\bin\assignment3\BinaryArraySortLeastComputation.class
Question1_Patterns.class , F:\arun\Acadview java\Assignment\bin\assignment3\Question1_Patterns.class
Complex.class , F:\arun\Acadview java\Assignment\bin\assignment4\Complex.class
Rectangle.class , F:\arun\Acadview java\Assignment\bin\assignment4\Rectangle.class
SecondLargestNum.class , F:\arun\Acadview java\Assignment\bin\assignment4\SecondLargestNum.class
WaveForm.class , F:\arun\Acadview java\Assignment\bin\assignment4\WaveForm.class
Animal.class , F:\arun\Acadview java\Assignment\bin\assignment5_Inheritence\animal_overriding\Animal.class
AnimalObject.class , F:\arun\Acadview java\Assignment\bin\assignment5_Inheritence\animal_overriding\AnimalObject.class
Cat.class , F:\arun\Acadview java\Assignment\bin\assignment5_Inheritence\animal_overriding\Cat.class
Dog.class , F:\arun\Acadview java\Assignment\bin\assignment5_Inheritence\animal_overriding\Dog.class
FunctionOverloading.class , F:\arun\Acadview java\Assignment\bin\assignment5_Inheritence\FunctionOverloading.class
LongestIncreasinSubArray.class , F:\arun\Acadview java\Assignment\bin\assignment5_Inheritence\LongestIncreasinSubArray.class
Static_Block.class , F:\arun\Acadview java\Assignment\bin\assignment5_Inheritence\Static_Block.class
Animals.class , F:\arun\Acadview java\Assignment\bin\assignment6_InterfaceAbstract\AnimalAbstract\Animals.class
Cat.class , F:\arun\Acadview java\Assignment\bin\assignment6_InterfaceAbstract\AnimalAbstract\Cat.class
Animal.class , F:\arun\Acadview java\Assignment\bin\assignment6_InterfaceAbstract\animalInterface\Animal.class
Cat.class , F:\arun\Acadview java\Assignment\bin\assignment6_InterfaceAbstract\animalInterface\Cat.class
Dog.class , F:\arun\Acadview java\Assignment\bin\assignment6_InterfaceAbstract\animalInterface\Dog.class
Objects.class , F:\arun\Acadview java\Assignment\bin\assignment6_InterfaceAbstract\animalInterface\Objects.class
StingIntoInteger.class , F:\arun\Acadview java\Assignment\bin\assignment6_InterfaceAbstract\StingIntoInteger.class
CheckStringOccurence.class , F:\arun\Acadview java\Assignment\bin\assignment7_String\CheckStringOccurence.class
CountWordInString.class , F:\arun\Acadview java\Assignment\bin\assignment7_String\CountWordInString.class
RemoveVowel.class , F:\arun\Acadview java\Assignment\bin\assignment7_String\RemoveVowel.class
ReversString.class , F:\arun\Acadview java\Assignment\bin\assignment7_String\ReversString.class
Stringpattern.class , F:\arun\Acadview java\Assignment\bin\assignment7_String\Stringpattern.class
SubString.class , F:\arun\Acadview java\Assignment\bin\assignment7_String\SubString.class
FileHandling.class , F:\arun\Acadview java\Assignment\bin\assignment8_File\FileHandling.class
FileInputOutput.class , F:\arun\Acadview java\Assignment\bin\assignment9_File2\FileInputOutput.class
fileLists.csv , F:\arun\Acadview java\Assignment\fileLists.csv
COMMIT_EDITMSG , F:\arun\Acadview java\Assignment\src\.git\COMMIT_EDITMSG
config , F:\arun\Acadview java\Assignment\src\.git\config
description , F:\arun\Acadview java\Assignment\src\.git\description
FETCH_HEAD , F:\arun\Acadview java\Assignment\src\.git\FETCH_HEAD
HEAD , F:\arun\Acadview java\Assignment\src\.git\HEAD
applypatch-msg.sample , F:\arun\Acadview java\Assignment\src\.git\hooks\applypatch-msg.sample
commit-msg.sample , F:\arun\Acadview java\Assignment\src\.git\hooks\commit-msg.sample
fsmonitor-watchman.sample , F:\arun\Acadview java\Assignment\src\.git\hooks\fsmonitor-watchman.sample
post-update.sample , F:\arun\Acadview java\Assignment\src\.git\hooks\post-update.sample
pre-applypatch.sample , F:\arun\Acadview java\Assignment\src\.git\hooks\pre-applypatch.sample
pre-commit.sample , F:\arun\Acadview java\Assignment\src\.git\hooks\pre-commit.sample
pre-push.sample , F:\arun\Acadview java\Assignment\src\.git\hooks\pre-push.sample
pre-rebase.sample , F:\arun\Acadview java\Assignment\src\.git\hooks\pre-rebase.sample
pre-receive.sample , F:\arun\Acadview java\Assignment\src\.git\hooks\pre-receive.sample
prepare-commit-msg.sample , F:\arun\Acadview java\Assignment\src\.git\hooks\prepare-commit-msg.sample
update.sample , F:\arun\Acadview java\Assignment\src\.git\hooks\update.sample
index , F:\arun\Acadview java\Assignment\src\.git\index
exclude , F:\arun\Acadview java\Assignment\src\.git\info\exclude
HEAD , F:\arun\Acadview java\Assignment\src\.git\logs\HEAD
master , F:\arun\Acadview java\Assignment\src\.git\logs\refs\heads\master
master , F:\arun\Acadview java\Assignment\src\.git\logs\refs\remotes\origin\master
eefeaf96d32fc9705254ab9f1717ec1510f76c , F:\arun\Acadview java\Assignment\src\.git\objects\00\eefeaf96d32fc9705254ab9f1717ec1510f76c
7af95e197e1b564ba6187f7ca86645448c0e22 , F:\arun\Acadview java\Assignment\src\.git\objects\01\7af95e197e1b564ba6187f7ca86645448c0e22
9e1c3bb85bad373fbccb21b48bd4dd8e5a4ca6 , F:\arun\Acadview java\Assignment\src\.git\objects\01\9e1c3bb85bad373fbccb21b48bd4dd8e5a4ca6
f717f0e60cd92826f8237b79e8d2880574eb42 , F:\arun\Acadview java\Assignment\src\.git\objects\01\f717f0e60cd92826f8237b79e8d2880574eb42
b3d3f2a4430413fdcabdfa45ed746ea46958d5 , F:\arun\Acadview java\Assignment\src\.git\objects\02\b3d3f2a4430413fdcabdfa45ed746ea46958d5
70c482f2917632383eadc8086f20edb1936a51 , F:\arun\Acadview java\Assignment\src\.git\objects\03\70c482f2917632383eadc8086f20edb1936a51
62b4d6d6a642c77fe8409439ae8dbbe3e90be7 , F:\arun\Acadview java\Assignment\src\.git\objects\04\62b4d6d6a642c77fe8409439ae8dbbe3e90be7
8960070ebddc81f1226207cabfa0fa8df2f7be , F:\arun\Acadview java\Assignment\src\.git\objects\04\8960070ebddc81f1226207cabfa0fa8df2f7be
2d0a55cb481d9e6b108f57ca00ea8f0e9317ec , F:\arun\Acadview java\Assignment\src\.git\objects\0c\2d0a55cb481d9e6b108f57ca00ea8f0e9317ec
3eacd8200f882ccb7091dbe6eabd27a015d531 , F:\arun\Acadview java\Assignment\src\.git\objects\0c\3eacd8200f882ccb7091dbe6eabd27a015d531
bf5a6d625e1b260ce702efb2480c9822545928 , F:\arun\Acadview java\Assignment\src\.git\objects\0d\bf5a6d625e1b260ce702efb2480c9822545928
77ff881ba3aa63ef46ec7e69ee6491f0a11d7d , F:\arun\Acadview java\Assignment\src\.git\objects\0e\77ff881ba3aa63ef46ec7e69ee6491f0a11d7d
d933085476bc3e53140b752826310dd9b4f660 , F:\arun\Acadview java\Assignment\src\.git\objects\0e\d933085476bc3e53140b752826310dd9b4f660
11129a6b671db07714b0f0d9f92fa0c3437b21 , F:\arun\Acadview java\Assignment\src\.git\objects\10\11129a6b671db07714b0f0d9f92fa0c3437b21
a24ccd47b7c860c67efbdb15d609692f30aa9b , F:\arun\Acadview java\Assignment\src\.git\objects\14\a24ccd47b7c860c67efbdb15d609692f30aa9b
81c71cc343b43f524bad7635e1ec8e318e0e77 , F:\arun\Acadview java\Assignment\src\.git\objects\19\81c71cc343b43f524bad7635e1ec8e318e0e77
28ba3c7d7f2938eb62e6004ff8a0ca50ffeaa5 , F:\arun\Acadview java\Assignment\src\.git\objects\1a\28ba3c7d7f2938eb62e6004ff8a0ca50ffeaa5
40844122eab6129f71994480da0d24ebb491e7 , F:\arun\Acadview java\Assignment\src\.git\objects\1a\40844122eab6129f71994480da0d24ebb491e7
8eb0241c7e63328fdb7d7c1213f5bef2e46012 , F:\arun\Acadview java\Assignment\src\.git\objects\1a\8eb0241c7e63328fdb7d7c1213f5bef2e46012
38f612d480a1f51bdf9244cb2b8e9eeb19f2c6 , F:\arun\Acadview java\Assignment\src\.git\objects\1c\38f612d480a1f51bdf9244cb2b8e9eeb19f2c6
7c82005ceb9232385ecaee67053f7ca7ae3348 , F:\arun\Acadview java\Assignment\src\.git\objects\1c\7c82005ceb9232385ecaee67053f7ca7ae3348
b232bbd99ab99630f85eca6c989fc62733cafb , F:\arun\Acadview java\Assignment\src\.git\objects\1e\b232bbd99ab99630f85eca6c989fc62733cafb
a116c726dda97c22f3ce67e2cbe951ac764595 , F:\arun\Acadview java\Assignment\src\.git\objects\20\a116c726dda97c22f3ce67e2cbe951ac764595
2f2860c8b16d2ae508194d10ff771b4fdb24cf , F:\arun\Acadview java\Assignment\src\.git\objects\22\2f2860c8b16d2ae508194d10ff771b4fdb24cf
ce1dd4586d91787d62cc2524d872c384dd8809 , F:\arun\Acadview java\Assignment\src\.git\objects\22\ce1dd4586d91787d62cc2524d872c384dd8809
b5e08ecf04bf5b429842f766f00d1775aeeda4 , F:\arun\Acadview java\Assignment\src\.git\objects\26\b5e08ecf04bf5b429842f766f00d1775aeeda4
258c6a5dce661a2d6f4a98a9709e87958ec468 , F:\arun\Acadview java\Assignment\src\.git\objects\27\258c6a5dce661a2d6f4a98a9709e87958ec468
6556f338c16bb61d39eeae56cf292fc6adb13b , F:\arun\Acadview java\Assignment\src\.git\objects\28\6556f338c16bb61d39eeae56cf292fc6adb13b
9b588d1711c04854b108953d6ab7829e90fd9b , F:\arun\Acadview java\Assignment\src\.git\objects\28\9b588d1711c04854b108953d6ab7829e90fd9b
b8d0ee08390dbc9c63e52b5ffee63d456ac270 , F:\arun\Acadview java\Assignment\src\.git\objects\29\b8d0ee08390dbc9c63e52b5ffee63d456ac270
e85a5e9f732cbfe07af1066fa244c37144f37a , F:\arun\Acadview java\Assignment\src\.git\objects\29\e85a5e9f732cbfe07af1066fa244c37144f37a
7088a91f8b14615d4586eaadd527b0f74d34db , F:\arun\Acadview java\Assignment\src\.git\objects\2c\7088a91f8b14615d4586eaadd527b0f74d34db
e77ad5358c6944b2a702df5b901c42fba82845 , F:\arun\Acadview java\Assignment\src\.git\objects\2e\e77ad5358c6944b2a702df5b901c42fba82845
0e47166f0cb318e9ed59cbc779d01b8a29f421 , F:\arun\Acadview java\Assignment\src\.git\objects\35\0e47166f0cb318e9ed59cbc779d01b8a29f421
b96c6c3b2344039fa54af098d662b7d42ea8e8 , F:\arun\Acadview java\Assignment\src\.git\objects\35\b96c6c3b2344039fa54af098d662b7d42ea8e8
1bc3b550df3949a994acc026f6253391a75e6b , F:\arun\Acadview java\Assignment\src\.git\objects\3a\1bc3b550df3949a994acc026f6253391a75e6b
1eeb3a2cf148407910c5a907a2a0e495457d0a , F:\arun\Acadview java\Assignment\src\.git\objects\3b\1eeb3a2cf148407910c5a907a2a0e495457d0a
da35444de083808f98e38ba391036b06171ffd , F:\arun\Acadview java\Assignment\src\.git\objects\3b\da35444de083808f98e38ba391036b06171ffd
28179b1fdc3294c60792d8f2e8d15e1e7d7265 , F:\arun\Acadview java\Assignment\src\.git\objects\43\28179b1fdc3294c60792d8f2e8d15e1e7d7265
8693b36ea50bd46c2cbb4b9d705489f3a93b5e , F:\arun\Acadview java\Assignment\src\.git\objects\43\8693b36ea50bd46c2cbb4b9d705489f3a93b5e
19ada108b4f529805f4c940f8e08d600793bc6 , F:\arun\Acadview java\Assignment\src\.git\objects\46\19ada108b4f529805f4c940f8e08d600793bc6
e305b1e31f39fb2863707335a313f9ef088fa5 , F:\arun\Acadview java\Assignment\src\.git\objects\46\e305b1e31f39fb2863707335a313f9ef088fa5
7165cf23a7581b409a9699b4f34e0a2ed4db4d , F:\arun\Acadview java\Assignment\src\.git\objects\47\7165cf23a7581b409a9699b4f34e0a2ed4db4d
a33301f7d14e56011c6f5cf91c696d01632296 , F:\arun\Acadview java\Assignment\src\.git\objects\4c\a33301f7d14e56011c6f5cf91c696d01632296
3ed8fc86ba6ee408e415a08f4a7eb74d738b16 , F:\arun\Acadview java\Assignment\src\.git\objects\52\3ed8fc86ba6ee408e415a08f4a7eb74d738b16
aa01919d3a41d01714dda5bf4b085b2c932d69 , F:\arun\Acadview java\Assignment\src\.git\objects\52\aa01919d3a41d01714dda5bf4b085b2c932d69
6a050853fdd60ecd0933cb93a9393e60e385df , F:\arun\Acadview java\Assignment\src\.git\objects\53\6a050853fdd60ecd0933cb93a9393e60e385df
ced6ad84e87630025cc5d61f68780418a53502 , F:\arun\Acadview java\Assignment\src\.git\objects\53\ced6ad84e87630025cc5d61f68780418a53502
dfb0722fa36f73f4110597158a0e9117b4d1c6 , F:\arun\Acadview java\Assignment\src\.git\objects\55\dfb0722fa36f73f4110597158a0e9117b4d1c6
6f2bca9dc1d399db431ca9a15b6903fe0ad376 , F:\arun\Acadview java\Assignment\src\.git\objects\5b\6f2bca9dc1d399db431ca9a15b6903fe0ad376
9503a152ec97653a86b8fe1e86c07fdb1b710d , F:\arun\Acadview java\Assignment\src\.git\objects\5b\9503a152ec97653a86b8fe1e86c07fdb1b710d
5b902f633d307a37c1dad580ce9b76b4cef1f3 , F:\arun\Acadview java\Assignment\src\.git\objects\5c\5b902f633d307a37c1dad580ce9b76b4cef1f3
95a33a6dcfa5911e95285eabe3ca6cf70e2938 , F:\arun\Acadview java\Assignment\src\.git\objects\5e\95a33a6dcfa5911e95285eabe3ca6cf70e2938
de7af5c5440d01e751a4197970ed0c7e713789 , F:\arun\Acadview java\Assignment\src\.git\objects\60\de7af5c5440d01e751a4197970ed0c7e713789
584e62690566077f201f9627270d17a88253d5 , F:\arun\Acadview java\Assignment\src\.git\objects\62\584e62690566077f201f9627270d17a88253d5
b1b06b61f7365a618cb94af2358bf756b41b9d , F:\arun\Acadview java\Assignment\src\.git\objects\62\b1b06b61f7365a618cb94af2358bf756b41b9d
340ce399ffc5fb2fac7fb9eb8fe7ba3186b761 , F:\arun\Acadview java\Assignment\src\.git\objects\64\340ce399ffc5fb2fac7fb9eb8fe7ba3186b761
9ad4bb794014f8422f0275ae8114b991d427f4 , F:\arun\Acadview java\Assignment\src\.git\objects\64\9ad4bb794014f8422f0275ae8114b991d427f4
51db3243be1b3468529765d4c466f490dae87d , F:\arun\Acadview java\Assignment\src\.git\objects\65\51db3243be1b3468529765d4c466f490dae87d
8810cbd0c5861e60227c79066b8efe426e146f , F:\arun\Acadview java\Assignment\src\.git\objects\66\8810cbd0c5861e60227c79066b8efe426e146f
1bb87a6b97026f1adb9f462b2b99ac538405ab , F:\arun\Acadview java\Assignment\src\.git\objects\68\1bb87a6b97026f1adb9f462b2b99ac538405ab
4d246534f5207d839543da5cba79e352f5bdd8 , F:\arun\Acadview java\Assignment\src\.git\objects\68\4d246534f5207d839543da5cba79e352f5bdd8
35c4a02649b68914baf6e62098f70dbc043942 , F:\arun\Acadview java\Assignment\src\.git\objects\6c\35c4a02649b68914baf6e62098f70dbc043942
2f98967844c271b878ff265c5558fc15db19fc , F:\arun\Acadview java\Assignment\src\.git\objects\6f\2f98967844c271b878ff265c5558fc15db19fc
ee0a448968095370625d9e872fcda25b4a4854 , F:\arun\Acadview java\Assignment\src\.git\objects\71\ee0a448968095370625d9e872fcda25b4a4854
07598de4611d9774fbf471143dbdcf9aa75321 , F:\arun\Acadview java\Assignment\src\.git\objects\74\07598de4611d9774fbf471143dbdcf9aa75321
30cc720f02b5802f64caaeb0023a041798d311 , F:\arun\Acadview java\Assignment\src\.git\objects\77\30cc720f02b5802f64caaeb0023a041798d311
19790cdd6712dfe4e28e8ae0f67287bb87451f , F:\arun\Acadview java\Assignment\src\.git\objects\78\19790cdd6712dfe4e28e8ae0f67287bb87451f
d3d107692e7781a29822540d2fb48054cdb4f2 , F:\arun\Acadview java\Assignment\src\.git\objects\79\d3d107692e7781a29822540d2fb48054cdb4f2
ef5fee29b1b655c1ddad446810357244d033e5 , F:\arun\Acadview java\Assignment\src\.git\objects\7a\ef5fee29b1b655c1ddad446810357244d033e5
c925e4c8a98b88e93666fef1afd55600c31d69 , F:\arun\Acadview java\Assignment\src\.git\objects\7e\c925e4c8a98b88e93666fef1afd55600c31d69
6ef5617444be10b8d7ca392c69a8fd4395a844 , F:\arun\Acadview java\Assignment\src\.git\objects\7f\6ef5617444be10b8d7ca392c69a8fd4395a844
0a18428582ab51f6b8f9897103c4b0e75a3149 , F:\arun\Acadview java\Assignment\src\.git\objects\83\0a18428582ab51f6b8f9897103c4b0e75a3149
bbec8c2367c1a60f05fa5de9f83d905418186b , F:\arun\Acadview java\Assignment\src\.git\objects\84\bbec8c2367c1a60f05fa5de9f83d905418186b
ece243e2924637ae34aac4c1e798a5babd4f0b , F:\arun\Acadview java\Assignment\src\.git\objects\84\ece243e2924637ae34aac4c1e798a5babd4f0b
3cb7c98ca4455af70942a25ada6b8ee427be60 , F:\arun\Acadview java\Assignment\src\.git\objects\85\3cb7c98ca4455af70942a25ada6b8ee427be60
e4c9318071cc56e4d3d3fa2c51f697a854531a , F:\arun\Acadview java\Assignment\src\.git\objects\86\e4c9318071cc56e4d3d3fa2c51f697a854531a
d3d2c81b6acc1d289927db43c06bae17b28353 , F:\arun\Acadview java\Assignment\src\.git\objects\88\d3d2c81b6acc1d289927db43c06bae17b28353
3eeb27d570c711c7b3ab037fdf928db48a2c25 , F:\arun\Acadview java\Assignment\src\.git\objects\8a\3eeb27d570c711c7b3ab037fdf928db48a2c25
f85cdc3ff1a0dcd7e72519c2388639dd4f827f , F:\arun\Acadview java\Assignment\src\.git\objects\8a\f85cdc3ff1a0dcd7e72519c2388639dd4f827f
4035d636f57090b908209f6ae485dbc18aee97 , F:\arun\Acadview java\Assignment\src\.git\objects\92\4035d636f57090b908209f6ae485dbc18aee97
2acd6b52a676f13b115049bceeeaa7b975c27a , F:\arun\Acadview java\Assignment\src\.git\objects\9c\2acd6b52a676f13b115049bceeeaa7b975c27a
1ca3214c83e4246f7297dd7aeba7a235d41803 , F:\arun\Acadview java\Assignment\src\.git\objects\9e\1ca3214c83e4246f7297dd7aeba7a235d41803
3d967e9d3f82d78698d7366294007eddfb88a9 , F:\arun\Acadview java\Assignment\src\.git\objects\9e\3d967e9d3f82d78698d7366294007eddfb88a9
9d587b353710b78b2496b762d8baa713acc475 , F:\arun\Acadview java\Assignment\src\.git\objects\9f\9d587b353710b78b2496b762d8baa713acc475
18bfe0421715d8aa6a1fa686656c9061a5449d , F:\arun\Acadview java\Assignment\src\.git\objects\a5\18bfe0421715d8aa6a1fa686656c9061a5449d
a002a74e79de858c75840d2107a2f601fd0675 , F:\arun\Acadview java\Assignment\src\.git\objects\a5\a002a74e79de858c75840d2107a2f601fd0675
677b2bb61c2fd8dda6db1142d8a9d24072f3ef , F:\arun\Acadview java\Assignment\src\.git\objects\a7\677b2bb61c2fd8dda6db1142d8a9d24072f3ef
39a6cd3b907faa0dccc3efb5a5b0cc738f0c5b , F:\arun\Acadview java\Assignment\src\.git\objects\b0\39a6cd3b907faa0dccc3efb5a5b0cc738f0c5b
9c3505608af99cf0951286ef43b27f861ea6c9 , F:\arun\Acadview java\Assignment\src\.git\objects\b0\9c3505608af99cf0951286ef43b27f861ea6c9
78eef8e9d2b04c136be8acd167fd6843daffff , F:\arun\Acadview java\Assignment\src\.git\objects\b2\78eef8e9d2b04c136be8acd167fd6843daffff
34639609ac6ccfba4920d7227c6a593ea9f19e , F:\arun\Acadview java\Assignment\src\.git\objects\b7\34639609ac6ccfba4920d7227c6a593ea9f19e
a828435b169095924859b923e77b6d611e2356 , F:\arun\Acadview java\Assignment\src\.git\objects\ba\a828435b169095924859b923e77b6d611e2356
079b120cc9b22471071c2a9f11aade9daaede5 , F:\arun\Acadview java\Assignment\src\.git\objects\bc\079b120cc9b22471071c2a9f11aade9daaede5
cc38c7d896f52869403fa0c4266c4db7551c07 , F:\arun\Acadview java\Assignment\src\.git\objects\bc\cc38c7d896f52869403fa0c4266c4db7551c07
13c272d2093a56ccc698b5885627325e5975ec , F:\arun\Acadview java\Assignment\src\.git\objects\bd\13c272d2093a56ccc698b5885627325e5975ec
fef2e6413b19e59551818f8038798e6beab9a3 , F:\arun\Acadview java\Assignment\src\.git\objects\c7\fef2e6413b19e59551818f8038798e6beab9a3
2ed5bc9260bf727cb632a2251bbfdbe849c480 , F:\arun\Acadview java\Assignment\src\.git\objects\c8\2ed5bc9260bf727cb632a2251bbfdbe849c480
2ab2ec831623d24fcfdabad15151e66268bf30 , F:\arun\Acadview java\Assignment\src\.git\objects\ca\2ab2ec831623d24fcfdabad15151e66268bf30
cd44a4fdf3b7bd7ed8a274199cd05ae272b180 , F:\arun\Acadview java\Assignment\src\.git\objects\cb\cd44a4fdf3b7bd7ed8a274199cd05ae272b180
ad2ef08232a987cf878b0085e5696e9ac431ac , F:\arun\Acadview java\Assignment\src\.git\objects\cd\ad2ef08232a987cf878b0085e5696e9ac431ac
27f0e4bbf528e242c6bbf214fe51f7296e701d , F:\arun\Acadview java\Assignment\src\.git\objects\d0\27f0e4bbf528e242c6bbf214fe51f7296e701d
61d0f9620196bc9eb507b014eac26a2cb4dc3c , F:\arun\Acadview java\Assignment\src\.git\objects\d4\61d0f9620196bc9eb507b014eac26a2cb4dc3c
32504a05ae4921e1cf0090662678b4b2e03a95 , F:\arun\Acadview java\Assignment\src\.git\objects\d5\32504a05ae4921e1cf0090662678b4b2e03a95
4431efe4059a2f1445d68670d576ef0d881b8c , F:\arun\Acadview java\Assignment\src\.git\objects\d8\4431efe4059a2f1445d68670d576ef0d881b8c
21cdb388be8aa446cc65648ee4587a8fca8065 , F:\arun\Acadview java\Assignment\src\.git\objects\da\21cdb388be8aa446cc65648ee4587a8fca8065
181be3282e1d55960f447689ff3699475a45ab , F:\arun\Acadview java\Assignment\src\.git\objects\dd\181be3282e1d55960f447689ff3699475a45ab
015b072e8033b72d18a098aa87f015408a853d , F:\arun\Acadview java\Assignment\src\.git\objects\de\015b072e8033b72d18a098aa87f015408a853d
edd8752a50b8e1c6d45977688fcff7de67c2e4 , F:\arun\Acadview java\Assignment\src\.git\objects\de\edd8752a50b8e1c6d45977688fcff7de67c2e4
c884b16b3b426b025bf9a81da5f9ad26f51c8d , F:\arun\Acadview java\Assignment\src\.git\objects\e1\c884b16b3b426b025bf9a81da5f9ad26f51c8d
bda612fa3f77067951ddfa68318a11fca301d6 , F:\arun\Acadview java\Assignment\src\.git\objects\e2\bda612fa3f77067951ddfa68318a11fca301d6
46f9e8e4fe1656818e072f37f553aba4b95837 , F:\arun\Acadview java\Assignment\src\.git\objects\e3\46f9e8e4fe1656818e072f37f553aba4b95837
e5a5aff70b4dc932c60ff6796b289df2dd1322 , F:\arun\Acadview java\Assignment\src\.git\objects\e7\e5a5aff70b4dc932c60ff6796b289df2dd1322
75a3e41b6cff7a2d4f9bd5287f8f269ea13abc , F:\arun\Acadview java\Assignment\src\.git\objects\e8\75a3e41b6cff7a2d4f9bd5287f8f269ea13abc
b8ae7972fac198015bbfc31f82485678bda511 , F:\arun\Acadview java\Assignment\src\.git\objects\ea\b8ae7972fac198015bbfc31f82485678bda511
ee35f372aa5e4a48963ebc63307c9bbfb5fcb5 , F:\arun\Acadview java\Assignment\src\.git\objects\ea\ee35f372aa5e4a48963ebc63307c9bbfb5fcb5
40888ee20a7b5e198ffd3f61b01d7129fabb13 , F:\arun\Acadview java\Assignment\src\.git\objects\ed\40888ee20a7b5e198ffd3f61b01d7129fabb13
d2244bd99e9e0cdf3c29449e0ea2517747d961 , F:\arun\Acadview java\Assignment\src\.git\objects\ee\d2244bd99e9e0cdf3c29449e0ea2517747d961
e731481eb35153053a6c7e8f1f7186c186b13c , F:\arun\Acadview java\Assignment\src\.git\objects\ee\e731481eb35153053a6c7e8f1f7186c186b13c
04f10d2ec1d24a68cd7671752f342e15791cae , F:\arun\Acadview java\Assignment\src\.git\objects\ef\04f10d2ec1d24a68cd7671752f342e15791cae
adea97725d5aa538fe893fe57d39f49a222cc6 , F:\arun\Acadview java\Assignment\src\.git\objects\ef\adea97725d5aa538fe893fe57d39f49a222cc6
94ee55ac6dd9c0774a68e9d10b39a5685e6686 , F:\arun\Acadview java\Assignment\src\.git\objects\f1\94ee55ac6dd9c0774a68e9d10b39a5685e6686
83156cdcc8756c95723077ccb58091aa5981bf , F:\arun\Acadview java\Assignment\src\.git\objects\f2\83156cdcc8756c95723077ccb58091aa5981bf
c3c60b5f5b3d49c57e4c47c789be312bccf78b , F:\arun\Acadview java\Assignment\src\.git\objects\f2\c3c60b5f5b3d49c57e4c47c789be312bccf78b
dc3da446a91b396074db367b389f941fb67824 , F:\arun\Acadview java\Assignment\src\.git\objects\f2\dc3da446a91b396074db367b389f941fb67824
7f14b1a838bb8ad1901f72aa434fa4ca291fc8 , F:\arun\Acadview java\Assignment\src\.git\objects\fb\7f14b1a838bb8ad1901f72aa434fa4ca291fc8
92e0536fcdd3abb5c8dbd0b0336cde14cd3fa8 , F:\arun\Acadview java\Assignment\src\.git\objects\ff\92e0536fcdd3abb5c8dbd0b0336cde14cd3fa8
96809ce5650e93036f1bb6bdf95511886b4320 , F:\arun\Acadview java\Assignment\src\.git\objects\ff\96809ce5650e93036f1bb6bdf95511886b4320
f90355ca84178b08cf5100a5064006791c66d2 , F:\arun\Acadview java\Assignment\src\.git\objects\ff\f90355ca84178b08cf5100a5064006791c66d2
ORIG_HEAD , F:\arun\Acadview java\Assignment\src\.git\ORIG_HEAD
master , F:\arun\Acadview java\Assignment\src\.git\refs\heads\master
master , F:\arun\Acadview java\Assignment\src\.git\refs\remotes\origin\master
Question1_AddNumber.java , F:\arun\Acadview java\Assignment\src\assignment1\Question1_AddNumber.java
Question2_LeapYear.java , F:\arun\Acadview java\Assignment\src\assignment1\Question2_LeapYear.java
Question3_Pattern.java , F:\arun\Acadview java\Assignment\src\assignment1\Question3_Pattern.java
Question4_Biggest.java , F:\arun\Acadview java\Assignment\src\assignment1\Question4_Biggest.java
Question5_Palindrome.java , F:\arun\Acadview java\Assignment\src\assignment1\Question5_Palindrome.java
Question6_Prime.java , F:\arun\Acadview java\Assignment\src\assignment1\Question6_Prime.java
Question7_Reverse.java , F:\arun\Acadview java\Assignment\src\assignment1\Question7_Reverse.java
DynamicArray.java , F:\arun\Acadview java\Assignment\src\assignment10_DynamicArray_And_Project1\DynamicArray.java
FileListing.java , F:\arun\Acadview java\Assignment\src\assignment10_DynamicArray_And_Project1\Miniproject\FileListing.java
abc.txt , F:\arun\Acadview java\Assignment\src\assignment10_DynamicArray_And_Project1\project1\abc.txt
fileLists.csv , F:\arun\Acadview java\Assignment\src\assignment10_DynamicArray_And_Project1\project1\fileLists.csv
Project1_FileListing.java , F:\arun\Acadview java\Assignment\src\assignment10_DynamicArray_And_Project1\project1\Project1_FileListing.java
MapsQues.java , F:\arun\Acadview java\Assignment\src\assignment10_SetAndMap\MapsQues.java
Sets.java , F:\arun\Acadview java\Assignment\src\assignment10_SetAndMap\Sets.java
DateConversionIntoEnglish.java , F:\arun\Acadview java\Assignment\src\assignment12_collection\DateConversionIntoEnglish.java
GenricPrint.java , F:\arun\Acadview java\Assignment\src\assignment12_collection\GenricPrint.java
GenricSorting.java , F:\arun\Acadview java\Assignment\src\assignment12_collection\GenricSorting.java
BinaryArraySortLeastComputation.java , F:\arun\Acadview java\Assignment\src\assignment3\BinaryArraySortLeastComputation.java
Question1_Pattern.java , F:\arun\Acadview java\Assignment\src\assignment3\Question1_Pattern.java
Question1_Patterns.java , F:\arun\Acadview java\Assignment\src\assignment3\Question1_Patterns.java
Question2_FindEvenNumber.java , F:\arun\Acadview java\Assignment\src\assignment3\Question2_FindEvenNumber.java
Question3_PrimeNumber.java , F:\arun\Acadview java\Assignment\src\assignment3\Question3_PrimeNumber.java
Question4_ArmstrongNumber.java , F:\arun\Acadview java\Assignment\src\assignment3\Question4_ArmstrongNumber.java
Question5_Reverse.java , F:\arun\Acadview java\Assignment\src\assignment3\Question5_Reverse.java
Question6_Sorting.java , F:\arun\Acadview java\Assignment\src\assignment3\Question6_Sorting.java
Question7_BinarySearching.java , F:\arun\Acadview java\Assignment\src\assignment3\Question7_BinarySearching.java
Complex.java , F:\arun\Acadview java\Assignment\src\assignment4\Complex.java
Rectangle.java , F:\arun\Acadview java\Assignment\src\assignment4\Rectangle.java
SecondLargestNum.java , F:\arun\Acadview java\Assignment\src\assignment4\SecondLargestNum.java
WaveForm.java , F:\arun\Acadview java\Assignment\src\assignment4\WaveForm.java
Animal.java , F:\arun\Acadview java\Assignment\src\assignment5_Inheritence\animal_overriding\Animal.java
AnimalObject.java , F:\arun\Acadview java\Assignment\src\assignment5_Inheritence\animal_overriding\AnimalObject.java
Cat.java , F:\arun\Acadview java\Assignment\src\assignment5_Inheritence\animal_overriding\Cat.java
Dog.java , F:\arun\Acadview java\Assignment\src\assignment5_Inheritence\animal_overriding\Dog.java
FunctionOverloading.java , F:\arun\Acadview java\Assignment\src\assignment5_Inheritence\FunctionOverloading.java
LongestIncreasinSubArray.java , F:\arun\Acadview java\Assignment\src\assignment5_Inheritence\LongestIncreasinSubArray.java
Static_Block.java , F:\arun\Acadview java\Assignment\src\assignment5_Inheritence\Static_Block.java
Animals.java , F:\arun\Acadview java\Assignment\src\assignment6_InterfaceAbstract\AnimalAbstract\Animals.java
Cat.java , F:\arun\Acadview java\Assignment\src\assignment6_InterfaceAbstract\AnimalAbstract\Cat.java
Animal.java , F:\arun\Acadview java\Assignment\src\assignment6_InterfaceAbstract\animalInterface\Animal.java
Cat.java , F:\arun\Acadview java\Assignment\src\assignment6_InterfaceAbstract\animalInterface\Cat.java
Dog.java , F:\arun\Acadview java\Assignment\src\assignment6_InterfaceAbstract\animalInterface\Dog.java
Objects.java , F:\arun\Acadview java\Assignment\src\assignment6_InterfaceAbstract\animalInterface\Objects.java
StingIntoInteger.java , F:\arun\Acadview java\Assignment\src\assignment6_InterfaceAbstract\StingIntoInteger.java
CheckStringOccurence.java , F:\arun\Acadview java\Assignment\src\assignment7_String\CheckStringOccurence.java
CountWordInString.java , F:\arun\Acadview java\Assignment\src\assignment7_String\CountWordInString.java
RemoveVowel.java , F:\arun\Acadview java\Assignment\src\assignment7_String\RemoveVowel.java
ReversString.java , F:\arun\Acadview java\Assignment\src\assignment7_String\ReversString.java
Stringpattern.java , F:\arun\Acadview java\Assignment\src\assignment7_String\Stringpattern.java
SubString.java , F:\arun\Acadview java\Assignment\src\assignment7_String\SubString.java
FileHandling.java , F:\arun\Acadview java\Assignment\src\assignment8_File\FileHandling.java
abc.txt , F:\arun\Acadview java\Assignment\src\assignment9_File2\abc.txt
FileInputOutput.java , F:\arun\Acadview java\Assignment\src\assignment9_File2\FileInputOutput.java
xyz.txt , F:\arun\Acadview java\Assignment\src\assignment9_File2\xyz.txt
