1st.cpp , F:\arun\dev c\1st.cpp
1st.exe , F:\arun\dev c\1st.exe
2D(multiplication).c , F:\arun\dev c\array\2D(multiplication).c
2D(multiplication).exe , F:\arun\dev c\array\2D(multiplication).exe
2d(sales_man).c , F:\arun\dev c\array\2d(sales_man).c
2d(sales_man).exe , F:\arun\dev c\array\2d(sales_man).exe
2nd largest.c , F:\arun\dev c\array\2nd largest.c
2nd largest.exe , F:\arun\dev c\array\2nd largest.exe
array(arranging student in grp ac to ).exe , F:\arun\dev c\array\array(arranging student in grp ac to ).exe
array(arranging student in grp ac to grp).c , F:\arun\dev c\array\array(arranging student in grp ac to grp).c
array(arranging student in grp ac to marks).c , F:\arun\dev c\array\array(arranging student in grp ac to marks).c
array(arranging student in grp ac to marks).exe , F:\arun\dev c\array\array(arranging student in grp ac to marks).exe
array(converting decimal to binary).cpp , F:\arun\dev c\array\array(converting decimal to binary).cpp
array(converting decimal to binary).exe , F:\arun\dev c\array\array(converting decimal to binary).exe
array(counting occurence of digit in all ip).c , F:\arun\dev c\array\array(counting occurence of digit in all ip).c
array(counting occurence of digit in all ip).exe , F:\arun\dev c\array\array(counting occurence of digit in all ip).exe
array(enter no. and print).c , F:\arun\dev c\array\array(enter no. and print).c
array(enter no. and print).exe , F:\arun\dev c\array\array(enter no. and print).exe
array(traversing).c , F:\arun\dev c\array\array(traversing).c
array(traversing).exe , F:\arun\dev c\array\array(traversing).exe
booking of floor.c , F:\arun\dev c\array\booking of floor.c
booking of floor.exe , F:\arun\dev c\array\booking of floor.exe
chef chotu.c , F:\arun\dev c\array\chef chotu.c
chef chotu.exe , F:\arun\dev c\array\chef chotu.exe
frequency_checker.c , F:\arun\dev c\array\frequency_checker.c
frequency_checker.exe , F:\arun\dev c\array\frequency_checker.exe
hello.c , F:\arun\dev c\array\hello.c
hello.exe , F:\arun\dev c\array\hello.exe
merg2.c , F:\arun\dev c\array\merg2.c
merg2.exe , F:\arun\dev c\array\merg2.exe
merging.c , F:\arun\dev c\array\merging.c
merging.exe , F:\arun\dev c\array\merging.exe
rotation.c , F:\arun\dev c\array\rotation.c
rotation.exe , F:\arun\dev c\array\rotation.exe
selection_sort.c , F:\arun\dev c\array\selection_sort.c
selection_sort.exe , F:\arun\dev c\array\selection_sort.exe
smallest_no.c , F:\arun\dev c\array\smallest_no.c
smallest_no.exe , F:\arun\dev c\array\smallest_no.exe
test.c , F:\arun\dev c\array\test.c
test.exe , F:\arun\dev c\array\test.exe
test_merge.c , F:\arun\dev c\array\test_merge.c
test_merge.exe , F:\arun\dev c\array\test_merge.exe
tranpose.cpp , F:\arun\dev c\array\tranpose.cpp
tranpose.exe , F:\arun\dev c\array\tranpose.exe
unio_intersection.c , F:\arun\dev c\array\unio_intersection.c
unio_intersection.exe , F:\arun\dev c\array\unio_intersection.exe
average_anyno's.c , F:\arun\dev c\average_anyno's.c
average_anyno's.exe , F:\arun\dev c\average_anyno's.exe
bit _sum_with negative.cpp , F:\arun\dev c\bit\bit _sum_with negative.cpp
bit _sum_with negative.exe , F:\arun\dev c\bit\bit _sum_with negative.exe
bitwise(swap nt bit).c , F:\arun\dev c\bit\bitwise(swap nt bit).c
bitwise(swap nt bit).exe , F:\arun\dev c\bit\bitwise(swap nt bit).exe
bitwise.c , F:\arun\dev c\bit\bitwise.c
bitwise.exe , F:\arun\dev c\bit\bitwise.exe
c.c , F:\arun\dev c\bit\c.c
c.exe , F:\arun\dev c\bit\c.exe
ccc.c , F:\arun\dev c\bit\ccc.c
ccc.exe , F:\arun\dev c\bit\ccc.exe
flip_no_or_complement.c , F:\arun\dev c\bit\flip_no_or_complement.c
flip_no_or_complement.exe , F:\arun\dev c\bit\flip_no_or_complement.exe
gmon.out , F:\arun\dev c\bit\gmon.out
sum_of_bit.cpp , F:\arun\dev c\bit\sum_of_bit.cpp
sum_of_bit.exe , F:\arun\dev c\bit\sum_of_bit.exe
toggel nth bit.c.c , F:\arun\dev c\bit\toggel nth bit.c.c
toggel nth bit.c.exe , F:\arun\dev c\bit\toggel nth bit.c.exe
xyz.cpp , F:\arun\dev c\bit\xyz.cpp
xyz.exe , F:\arun\dev c\bit\xyz.exe
bit wise count se of bit.c , F:\arun\dev c\bit wise count se of bit.c
bit wise count se of bit.exe , F:\arun\dev c\bit wise count se of bit.exe
cha.c , F:\arun\dev c\cha.c
cha.exe , F:\arun\dev c\cha.exe
charcter_check_upper_lower.c , F:\arun\dev c\charcter_check_upper_lower.c
charcter_check_upper_lower.exe , F:\arun\dev c\charcter_check_upper_lower.exe
conversion_d_2_bin.cpp , F:\arun\dev c\conversion_d_2_bin.cpp
conversion_d_2_bin.exe , F:\arun\dev c\conversion_d_2_bin.exe
count_character.c , F:\arun\dev c\count_character.c
count_num.c , F:\arun\dev c\count_num.c
decimal to binary with array.c , F:\arun\dev c\decimal to binary with array.c
decimal to binary with array.exe , F:\arun\dev c\decimal to binary with array.exe
decimal to binary.c , F:\arun\dev c\decimal to binary.c
decimal to binary.exe , F:\arun\dev c\decimal to binary.exe
disarium number.c , F:\arun\dev c\disarium number.c
external.c , F:\arun\dev c\external.c
external.exe , F:\arun\dev c\external.exe
factorial.c , F:\arun\dev c\factorial.c
factorial.exe , F:\arun\dev c\factorial.exe
fib.c , F:\arun\dev c\fib.c
fib.exe , F:\arun\dev c\fib.exe
fibinocia.cpp , F:\arun\dev c\fibinocia.cpp
fibinocia.exe , F:\arun\dev c\fibinocia.exe
createfile.c , F:\arun\dev c\file\createfile.c
createfile.exe , F:\arun\dev c\file\createfile.exe
demo.txt , F:\arun\dev c\file\demo.txt
demo1.txt , F:\arun\dev c\file\demo1.txt
doudt_string.c , F:\arun\dev c\file\doudt_string.c
doudt_string.exe , F:\arun\dev c\file\doudt_string.exe
file(printing char_on console).c , F:\arun\dev c\file\file(printing char_on console).c
file(printing char_on console).exe , F:\arun\dev c\file\file(printing char_on console).exe
file.c , F:\arun\dev c\file\file.c
file.exe , F:\arun\dev c\file\file.exe
h.c , F:\arun\dev c\file\h.c
h.exe , F:\arun\dev c\file\h.exe
string.c , F:\arun\dev c\file\string.c
string.exe , F:\arun\dev c\file\string.exe
struc_pointr(diff_time).c , F:\arun\dev c\file\struc_pointr(diff_time).c
struc_pointr(diff_time).exe , F:\arun\dev c\file\struc_pointr(diff_time).exe
test.c , F:\arun\dev c\file\test.c
write in file_display char on console.c , F:\arun\dev c\file\write in file_display char on console.c
write in file_display char on console.exe , F:\arun\dev c\file\write in file_display char on console.exe
writein.c , F:\arun\dev c\file\writein.c
function(addition loop).c , F:\arun\dev c\function(addition loop).c
function(addition loop).exe , F:\arun\dev c\function(addition loop).exe
function(rotation using).c , F:\arun\dev c\function(rotation using).c
function(rotation using).exe , F:\arun\dev c\function(rotation using).exe
function(sqrt).c , F:\arun\dev c\function(sqrt).c
function(sqrt).exe , F:\arun\dev c\function(sqrt).exe
function.c , F:\arun\dev c\function.c
function.exe , F:\arun\dev c\function.exe
gmon.out , F:\arun\dev c\gmon.out
gross.c , F:\arun\dev c\gross.c
gross.exe , F:\arun\dev c\gross.exe
interestin string,c.cpp , F:\arun\dev c\interestin string,c.cpp
interestin string,c.exe , F:\arun\dev c\interestin string,c.exe
largeno.c , F:\arun\dev c\largeno.c
largeno.exe , F:\arun\dev c\largeno.exe
main.c , F:\arun\dev c\main.c
main.exe , F:\arun\dev c\main.exe
main.o , F:\arun\dev c\main.o
Makefile.win , F:\arun\dev c\Makefile.win
marks.c , F:\arun\dev c\marks.c
marks.exe , F:\arun\dev c\marks.exe
mcq.c , F:\arun\dev c\mcq.c
mcq.exe , F:\arun\dev c\mcq.exe
octal.cpp , F:\arun\dev c\octal.cpp
octal.exe , F:\arun\dev c\octal.exe
OneNote Table Of Contents.onetoc2 , F:\arun\dev c\OneNote Table Of Contents.onetoc2
patter5.c , F:\arun\dev c\patter5.c
patter5.exe , F:\arun\dev c\patter5.exe
pattern8.c , F:\arun\dev c\pattern8.c
pattern8.exe , F:\arun\dev c\pattern8.exe
pattern9.c , F:\arun\dev c\pattern9.c
pattern9.exe , F:\arun\dev c\pattern9.exe
pattern_2.c , F:\arun\dev c\pattern_2.c
pattern_2.exe , F:\arun\dev c\pattern_2.exe
pattern_3.c , F:\arun\dev c\pattern_3.c
pattern_3.exe , F:\arun\dev c\pattern_3.exe
pattern_piramed.c , F:\arun\dev c\pattern_piramed.c
pattern_piramed.exe , F:\arun\dev c\pattern_piramed.exe
patter_1.c , F:\arun\dev c\patter_1.c
patter_1.exe , F:\arun\dev c\patter_1.exe
patter_4.c , F:\arun\dev c\patter_4.c
patter_4.exe , F:\arun\dev c\patter_4.exe
perncious number.c , F:\arun\dev c\perncious number.c
perncious number.exe , F:\arun\dev c\perncious number.exe
pointer(entry code).c , F:\arun\dev c\pointer(entry code).c
pointer(entry code).exe , F:\arun\dev c\pointer(entry code).exe
pointer(perfectno).c , F:\arun\dev c\pointer(perfectno).c
pointer(perfectno).exe , F:\arun\dev c\pointer(perfectno).exe
pointer(practice1).exe , F:\arun\dev c\pointer(practice1).exe
pp.c , F:\arun\dev c\pp.c
pp.exe , F:\arun\dev c\pp.exe
practical1.c , F:\arun\dev c\practical1.c
practical1.exe , F:\arun\dev c\practical1.exe
practical21.c , F:\arun\dev c\practical21.c
practical21.exe , F:\arun\dev c\practical21.exe
practical3.c , F:\arun\dev c\practical3.c
practical3.exe , F:\arun\dev c\practical3.exe
practice.cpp , F:\arun\dev c\practice.cpp
practice.exe , F:\arun\dev c\practice.exe
pricipal.c , F:\arun\dev c\pricipal.c
prime.c , F:\arun\dev c\prime.c
prime.exe , F:\arun\dev c\prime.exe
prime2.c , F:\arun\dev c\prime2.c
prime2.exe , F:\arun\dev c\prime2.exe
Project1.dev , F:\arun\dev c\Project1.dev
Project1.exe , F:\arun\dev c\Project1.exe
Project1.layout , F:\arun\dev c\Project1.layout
quicksort.c , F:\arun\dev c\quick sort\quicksort.c
quicksort.exe , F:\arun\dev c\quick sort\quicksort.exe
test_dynamic.c , F:\arun\dev c\quick sort\test_dynamic.c
test_dynamic.exe , F:\arun\dev c\quick sort\test_dynamic.exe
strlength.c , F:\arun\dev c\recursion\strlength.c
strlength.exe , F:\arun\dev c\recursion\strlength.exe
recursion(factorial).c , F:\arun\dev c\recursion(factorial).c
recursion(factorial).exe , F:\arun\dev c\recursion(factorial).exe
recursion(fibonaccil).c , F:\arun\dev c\recursion(fibonaccil).c
recursion(fibonaccil).exe , F:\arun\dev c\recursion(fibonaccil).exe
reverse of no.c , F:\arun\dev c\reverse of no.c
reversss.cpp , F:\arun\dev c\reversss.cpp
reversss.exe , F:\arun\dev c\reversss.exe
rollno.of branch.c , F:\arun\dev c\rollno.of branch.c
rollno.of branch.exe , F:\arun\dev c\rollno.of branch.exe
rotattion.cpp , F:\arun\dev c\rotattion.cpp
rotattion.exe , F:\arun\dev c\rotattion.exe
sel.cpp , F:\arun\dev c\sel.cpp
sel.exe , F:\arun\dev c\sel.exe
selection_sort.cpp , F:\arun\dev c\selection_sort.cpp
selection_sort.exe , F:\arun\dev c\selection_sort.exe
shopping.c , F:\arun\dev c\shopping.c
checking_length.c , F:\arun\dev c\sring\checking_length.c
checking_length.exe , F:\arun\dev c\sring\checking_length.exe
sorting name.c , F:\arun\dev c\sring\sorting name.c
sorting name.exe , F:\arun\dev c\sring\sorting name.exe
string_converting lowercase in uppr.c , F:\arun\dev c\sring\string_converting lowercase in uppr.c
string_converting lowercase in uppr.exe , F:\arun\dev c\sring\string_converting lowercase in uppr.exe
string.cpp , F:\arun\dev c\string.cpp
string.exe , F:\arun\dev c\string.exe
datta finding.c , F:\arun\dev c\structures\datta finding.c
datta finding.exe , F:\arun\dev c\structures\datta finding.exe
enum.c , F:\arun\dev c\structures\enumeration\enum.c
enum.exe , F:\arun\dev c\structures\enumeration\enum.exe
enum3.c , F:\arun\dev c\structures\enumeration\enum3.c
enum3.exe , F:\arun\dev c\structures\enumeration\enum3.exe
enumtest2.c , F:\arun\dev c\structures\enumeration\enumtest2.c
enumtest2.exe , F:\arun\dev c\structures\enumeration\enumtest2.exe
enumtest3(loop).c , F:\arun\dev c\structures\enumeration\enumtest3(loop).c
enumtest3(loop).exe , F:\arun\dev c\structures\enumeration\enumtest3(loop).exe
first.cpp , F:\arun\dev c\structures\first.cpp
first.exe , F:\arun\dev c\structures\first.exe
hour.c , F:\arun\dev c\structures\hour.c
hour.exe , F:\arun\dev c\structures\hour.exe
nested_struct.c , F:\arun\dev c\structures\nested_struct.c
nested_struct.exe , F:\arun\dev c\structures\nested_struct.exe
nested_union_struct.c , F:\arun\dev c\structures\nested_union_struct.c
nested_union_struct.exe , F:\arun\dev c\structures\nested_union_struct.exe
sorting(using fuc).c , F:\arun\dev c\structures\sorting(using fuc).c
sorting_of_data.c , F:\arun\dev c\structures\sorting_of_data.c
struct(by name and age).c , F:\arun\dev c\structures\struct(by name and age).c
struct(by name and age).exe , F:\arun\dev c\structures\struct(by name and age).exe
struct2.cpp , F:\arun\dev c\structures\struct2.cpp
struct2.exe , F:\arun\dev c\structures\struct2.exe
struct_dynamic.c , F:\arun\dev c\structures\struct_dynamic.c
struct_dynamic.exe , F:\arun\dev c\structures\struct_dynamic.exe
struct_marks.c , F:\arun\dev c\structures\struct_marks.c
struct_marks.exe , F:\arun\dev c\structures\struct_marks.exe
test.c , F:\arun\dev c\structures\test.c
test1.c , F:\arun\dev c\structures\test1.c
test1.exe , F:\arun\dev c\structures\test1.exe
union(1).c , F:\arun\dev c\structures\union(1).c
union(1).exe , F:\arun\dev c\structures\union(1).exe
sumfirst&last.c , F:\arun\dev c\sumfirst&last.c
sumfirst&last.exe , F:\arun\dev c\sumfirst&last.exe
sum_of_digit.cpp , F:\arun\dev c\sum_of_digit.cpp
sum_of_digit.exe , F:\arun\dev c\sum_of_digit.exe
switchif.c , F:\arun\dev c\switchif.c
switchif.exe , F:\arun\dev c\switchif.exe
template.cpp , F:\arun\dev c\template.cpp
test.c , F:\arun\dev c\test.c
test.exe , F:\arun\dev c\test.exe
test1.c , F:\arun\dev c\test1.c
test1.exe , F:\arun\dev c\test1.exe
Untitled1.cpp , F:\arun\dev c\Untitled1.cpp
Untitled2.c , F:\arun\dev c\Untitled2.c
